Workbook
Name Access: [1]Validation!$E$2:$E$223
Name AccessCircuit: [1]Validation!$C$2:$C$29
Name ACTION: #REF!
Name CoS: [1]Validation!$G$2:$G$47
Name Countries: [1]Validation!$A$2:$A$301
Name DSLCheckService: [1]Validation!$H$2:$H$4
Name Port: [1]Validation!$F$2:$F$40
Name VancoProducts: [1]Validation!$B$2:$B$4

Sheet Cover
B2: TEST CASE
B3: Version: | C3: 1.2
B4: Issue date: | C4: 15/04/2026
B6: Project Name: | C6: Quản lý đặt sân thể thao
B7: Project Code: | C7: SPORT-BOOKING-01
B10: Record of change:
C11: Version | D11: Change location | E11: Change description | F11: Originator | G11: Reviewer/ Approver | H11: Reference
B12: 46268 | C12: 1. 0 | D12: Update testcase | E12: Chia modeul để thiết kế testcase | F12: Mỹ Xuyên | G12: Mỹ Xuyên | H12: Create file
B13: 46116 | C13: 1.1 | D13: Sheet Booking | E13: tạo sheet booking và bắt đầu thiết kế | F13: Thúy Quyên | G13: Mỹ Xuyên | H13: CR100-Booking
B14: 46116 | C14: 1.1 | D14: Sheet Cancel Booking | E14: tạo sheet cancel-booking và bắt đầu thiết kế | F14: Đại Long | G14: Mỹ Xuyên | H14: CR200-Cancel-Booking
B15: 46116 | C15: 1.1 | D15: Sheet Auth | E15: tạo sheet Auth và bắt đầu thiết kế | F15: Mỹ Xuyên | G15: Mỹ Xuyên | H15: CR300-Auth
B16: 46116 | C16: 1.1 | D16: Sheet Admin | E16: tạo sheet Admin bắt đầu thiết kế | F16: Mỹ Xuyên | G16: Mỹ Xuyên | H16: CR400-Admin
B17: 46330 | C17: 1.2 | D17: Sheet Booking | E17: thêm tc 3 - tc 5 | F17: Thúy Quyên | G17: Mỹ Xuyên | H17: CR100-Booking
B18: 46330 | C18: 1.2 | D18: Sheet Cancel Booking | E18: thêm tc 5 - tc10 | F18: Đại Long | G18: Mỹ Xuyên | H18: CR200-Cancel-Booking
B19: 19/4/2026 | C19: 1.2 | D19: Sheet Auth - Sheet Admin | E19: Thiết kế testcase cho đăng ký của model Auth và Thêm sân cho modul Admin | F19: Mỹ Xuyên | H19: CR300-Auth, CR400-Admin
B20: 21/4/2026 | C20: 1.3 | D20: Sheet Cancel Booking - Sheet Favorite | E20: thêm tc 11 - tc 12 ở sheet cancel-booking, tạo sheet favorite và bắt đầu thiết kế | F20: Đại Long | H20: CR200-Cancel-Booking, CR500-Favorite
B21: 22/4/2026 | C21: 1.3 | D21: Sheet Auth | E21: Thiết kkeestc cho đăng nhập , đăng nhập bằng gg , quyền admin, user | F21: Mỹ Xuyên | H21: CR300-Auth
B22: 22/4/2026 | C22: 1.3 | D22: Sheet Admin | E22: Thiết kế testcase cho quản lý sân - xóa , sửa sân | F22: Mỹ Xuyên | H22: CR400-Admin
B23: 46134 | C23: 1.3 | D23: Sheet Home | E23: thêm testcase chuyển tab , lọc , tìm kiếm , hiển thị trang chủ | F23: Mỹ Xuyên | H23: CR600-Home
B24: 46135 | C24: 1.4 | D24: Sheet Booking | E24: Update api booking | F24: Thúy Quyên
B25: 46135 | C25: 1.4 | D25: Sheet Review | E25: api gửi đánh giá, kiểm tra quyền đánh giá | F25: Thúy Quyên
B26: 46135 | C26: 1.4 | D26: Sheet Venue | E26: kiểm tra hiển thị trang chi tiết | F26: Thúy Quyên
B27: 46140 | C27: 1.5 | D27: Sheet Pay | E27: Kiểm tra thông tin thanh toán, tổng tiền , quyền truy cập và quy trình tạo hóa đơn. | F27: Thúy Quyên

Sheet Booking
A1: TEST CASE | B1: BOOKING
A3: System Name： | B3: QUẢN LÝ ĐẶT SÂN THỂ THAO
A4: Module Code： | B4: CR100 - BOOKING
A5: Test requirement: | B5: CR1 -
A6: Pass | B6: 0 | C6: Pending | D6: 11
A7: Fail | B7: 0 | C7: Number of test cases: | D7: =COUNTA(A12:A42)-8 -> 23
A9: ID | B9: Test Case Description | C9: Test Case Procedure | D9: Expected Results | H9: Actual Results | I9: Test date | J9: Status | K9: Note
A12: 1. Không cho phép đặt sân khi chưa đăng nhập
A13: TC1 | B13: Truy cập ở trạng thái chưa đăng nhập và nhấn vào "Đặt sân ngay" | C13: 1: Truy cập trang khi chưa đăng nhập 2: Nhấn vào nút "Đặt lịch" tại sân muốn đặt để đi đến trang chi tiết sân 3: Chọn ngày và thời gian muốn đặt sân 4: Nhấn nút "Đặt sân ngay" | D13: Hệ thống thông báo "Vui lòng đăng nhập để đặt sân!" | J13: Pending
A14: 2. Đăng nhập tài khoản thành công và thực hiện đặt sân
A15: TC2 | B15: Truy cập bằng tài khoản thành công và nhấn "Đặt sân ngay" | C15: 1: Truy cập trang khi đã đăng nhập 2: Nhấn vào nút "Đặt lịch" tại sân muốn đặt để đi đến trang chi tiết sân 3: Chọn ngày và thời gian muốn đặt sân 4: Nhấn nút "Đặt sân ngay" | D15: Hệ thống thông báo "Đặt sân thành công!" và chuyển sân đã đặt sang tab "Sân đã đặt" | J15: Pending
A16: 3. Không được đặt sân trong quá khứ
A17: TC3 | B17: Chọn một ngày đã qua | C17: 1: Chọn ngày đã qua trên lịch | D17: Nút ngày mờ đi không thể click vào | J17: Pending
A18: 4. Chọn ngày hiện tại nhưng không được chọn khung giờ đã trôi qua
A19: TC4 | B19: Chọn ngày hiện tại và chọn thời gian đã qua | C19: 1: Chọn ngày hiện tại 2: Chọn thời gian trong quá khứ | D19: Nút thời gian mờ đi không thể chọn | J19: Pending
A20: 5. Một người chỉ được đặt tối đa 3 sân/ngày
A21: TC5 | B21: Đặt từ 3 sân trở lại trong cùng 1 ngày thành công | C21: 1: Đặt sân thứ nhất và thành công 2: Đặt sân thứ hai và thành công 3: Đặt sân thứ ba và thành công 4: Đặt sân thứ tư và nhận thông báo thất bại | D21: Cho phép người dùng đặt thành công 3 sân trong cùng 1 ngày, khi đặt tiếp thì nhận thông báo hệ thống "Bạn đã đạt giới hạn đặt sân trong ngày!" | J21: Pending
A22: TC6 | B22: Kiểm tra khôi phục lại lượt đặt sau khi hủy | C22: 1: Đặt 3 sân thành công và hết lược đặt 2: Hủy đi 1 sân 3: Đặt lại sân mới trong cùng ngày và thành công | D22: Hệ thống cho phép đặt thành công sân mới vì tổng số sân "đang đặt" lúc này chỉ còn 2. | J22: Pending
A23: 6. Đặt khung giờ tối thiểu 1 giờ
A24: TC7 | B24: Khung giờ tối thiểu < 1 giờ | C24: 1: Chọn giờ bắt đầu 17:00 2: Chọn giờ kết thúc 17:45 3: Đặt sân | D24: Hệ thống báo lỗi: "Thời gian đặt tối thiểu phải là 1 giờ." | J24: Pending
A25: TC8 | B25: Khung giờ >=1 giờ | C25: 1: Chọn giờ bắt đầu 17:00 2: Chọn giờ kết thúc 18:00 3: Đặt sân | D25: Hệ thống báo: "Đặt thành công 1 khung giờ." | J25: Pending
A26: 7. Không trùng khung giờ và sân
A27: TC9 | B27: Đặt cùng sân cùng khung giờ | C27: 1: User A đang thực hiện đặt sân 1 (khung 17h-18h). 2: User B cũng chọn đúng sân 1 và khung 17h-18h rồi nhấn đặt. | D27: Hệ thống chỉ cho phép người nhấn nút trước thành công, người sau phải nhận báo lỗi: "Sân đã có người đặt trong khung giờ này!". | J27: Pending
A28: TC10 | B28: Đặt cùng giờ nhưng sân khác | C28: 1: Đặt sân 1 khung giờ 17:00-18:00 2: Đặt sân 2 cùng khung giờ sân 1 | D28: Hệ thống cho phép đặt thành công. | J28: Pending
A29: TC11 | B29: Đặt sân trong khung giờ quá khứ | C29: 1: Chọn ngày và khung giờ trong quá khứ | D29: Ngày và khung giờ trong quá khứ bị mờ đi không cho chọn | J29: Pending
A30: API ĐẶT SÂN – POST /api/book
A31: TC1 | B31: Đặt sân thành công | C31: Điều kiện: Đăng nhập user_id=2. Sân id=1, slot "08:00 - 09:00" ngày mai còn trống. 1. POST /api/book Body: {"product_id":1,"slot":"08:00 - 09:00","date":"2026-04-18"} 2. Kiểm tra response 3. Kiểm tra DB | D31: HTTP 200. {"ok":true,"booking_id":X,"msg":"Đặt sân thành công! Mã đặt: #X"} DB: Booking mới với user_id=2, product_id=1, status="confirmed", start_time=08:00, end_time=09:00. | J31: Pending
A32: TC2 | B32: Đặt sân khi chưa đăng nhập | C32: Điều kiện: Không có session. 1. POST /api/book Body: {"product_id":1,"slot":"08:00 - 09:00","date":"2026-04-18"} | D32: HTTP 401. {"ok":false,"msg":"Vui lòng đăng nhập để đặt sân"} Không tạo bản ghi. | J32: Pending
A33: TC3 | B33: Đặt sân vào ngày hôm qua | C33: Điều kiện: Đăng nhập hợp lệ. 1. POST /api/book Body: {"product_id":1,"slot":"08:00 - 09:00","date":"2026-04-16"} | D33: HTTP 400. {"ok":false,"msg":"Không thể đặt sân trong quá khứ hoặc khung giờ đã qua."} | J33: Pending
A34: TC4 | B34: Đặt slot đã qua trong ngày hôm nay | C34: Điều kiện: Đăng nhập. Thời điểm hiện tại: 14:00 ngày 17/04. 1. POST /api/book Body: {"product_id":1,"slot":"08:00 - 09:00","date":"2026-04-17"} | D34: HTTP 400. {"ok":false,"msg":"Không thể đặt sân trong quá khứ hoặc khung giờ đã qua."} Cùng ngày nhưng giờ đã trôi qua vẫn bị từ chối. | J34: Pending
A35: TC5 | B35: Đặt ngắn hơn 1 giờ (30 phút) | C35: Điều kiện: Đăng nhập hợp lệ. 1. POST /api/book Body: {"product_id":1,"slot":"08:00 - 08:30","date":"2026-04-18"} | D35: HTTP 400. {"ok":false,"msg":"Khung giờ đặt phải tối thiểu 1 giờ."} Ràng buộc 3: duration_hours < 1. | J35: Pending
A36: TC6 | B36: Đặt đúng 1 giờ – được chấp nhận (boundary) | C36: Điều kiện: Đăng nhập, slot "10:00 - 11:00" còn trống. 1. POST /api/book Body: {"product_id":1,"slot":"10:00 - 11:00","date":"2026-04-18"} | D36: HTTP 200. {"ok":true,...} – đặt thành công. Boundary: đúng 1 tiếng được chấp nhận. | J36: Pending
A37: TC7 | B37: Đặt sân thứ 4 trong ngày – vượt giới hạn 3 | C37: Điều kiện: User đã có 3 booking confirmed ngày 18/04/2026. 1. POST /api/book Body: {"product_id":4,"slot":"14:00 - 15:00","date":"2026-04-18"} | D37: HTTP 400. {"ok":false,"msg":"Bạn đã đặt tối đa 3 sân trong ngày này."} Ràng buộc 4: bookings_today >= 3. | J37: Pending
A38: TC8 | B38: Booking cancelled không tính vào giới hạn 3/ngày | C38: Điều kiện: User có 2 confirmed + 1 cancelled ngày 18/04/2026. 1. POST /api/book Body: {"product_id":4,"slot":"14:00 - 15:00","date":"2026-04-18"} | D38: HTTP 200. {"ok":true,...} Chỉ đếm status="confirmed", booking bị hủy không tính. | J38: Pending
A39: TC9 | B39: Trùng khung giờ cùng sân | C39: Điều kiện: Sân id=1, slot "09:00 - 10:00" ngày 18/04 đã confirmed bởi User A. 1. Đăng nhập User B 2. POST /api/book Body: {"product_id":1,"slot":"09:00 - 10:00","date":"2026-04-18"} | D39: HTTP 400. {"ok":false,"msg":"Khung giờ này đã được đặt bởi người khác."} Ràng buộc 5: conflict check. | J39: Pending
A40: TC10 | B40: Cùng slot, khác sân | C40: Điều kiện: Sân id=1 slot "09:00 - 10:00" đã đặt; sân id=2 cùng slot chưa đặt. 1. POST /api/book Body: {"product_id":2,"slot":"09:00 - 10:00","date":"2026-04-18"} | D40: HTTP 200. {"ok":true,...} Conflict check chỉ trong cùng product_id. | J40: Pending
A41: TC11 | B41: Cùng slot, khác sân | C41: Điều kiện: Sân id=1 slot "09:00 - 10:00" đã đặt; sân id=2 cùng slot chưa đặt. 1. POST /api/book Body: {"product_id":2,"slot":"09:00 - 10:00","date":"2026-04-18"} | D41: HTTP 200. {"ok":true,...} Conflict check chỉ trong cùng product_id. | J41: Pending
A42: TC12 | B42: API /api/slots cập nhật booked=true sau khi đặt | C42: Điều kiện: Slot "08:00 - 09:00" chưa đặt. 1. Xác nhận booked=false: GET /api/slots/1?date=2026-04-18 2. Đặt slot thành công: POST /api/book 3. Gọi lại GET /api/slots/1?date=2026-04-18 | D42: Slot "08:00 - 09:00" đổi thành booked=true. Trường "available" giảm đi 1. Hệ thống cập nhật real-time. | J42: Pending

Sheet Review
A1: TEST CASE | B1: REVIEW
A3: System Name： | B3: QUẢN LÝ ĐẶT SÂN THỂ THAO
A4: Module Code： | B4: CR110 - REVIEW
A5: Test requirement: | B5: CR1 -
A6: Pass | B6: 0 | C6: Pending | D6: 10
A7: Fail | B7: 0 | C7: Number of test cases: | D7: 10
A9: ID | B9: Test Case Description | C9: Test Case Procedure | D9: Expected Results | H9: Actual Results | I9: Test date | J9: Status | K9: Note
A12: API GỬI ĐÁNH GIÁ – POST /api/review/<product_id>
A13: TC1 | B13: Đánh giá thành công – đã từng đặt sân | C13: Điều kiện: Đăng nhập. Đã có booking (bất kỳ status) cho sân id=1. Chưa review sân này. 1. POST /api/review/1 Body: {"rating":5,"content":"Sân rất tốt, tiện ích đầy đủ!"} | D13: HTTP 200. {"ok":true,"author":"<username>","rating":5,"stars":"★★★★★","content":"...","date_str":"Hôm nay"} DB tạo bản ghi Review mới. | J13: Pending
A14: TC2 | B14: Đánh giá thất bại – chưa đặt sân | C14: Điều kiện: Đăng nhập. Không có booking nào cho sân id=2. 1. POST /api/review/2 Body: {"rating":4,"content":"Test review"} | D14: HTTP 403. {"ok":false,"msg":"Chỉ những người đã đặt sân này mới được đánh giá."} has_booked_product() = False. | J14: Pending
A15: TC3 | B15: Đánh giá thất bại – đã review trước đó | C15: Điều kiện: User đã review sân id=1 rồi. 1. POST /api/review/1 lần thứ 2 Body: {"rating":3,"content":"Review lần 2"} | D15: HTTP 403. {"ok":false,"msg":"Bạn đã đánh giá sân này rồi."} has_reviewed_product() = True. | J15: Pending
A16: TC4 | B16: Đánh giá khi chưa đăng nhập | C16: Điều kiện: Không có session. 1. POST /api/review/1 Body: {"rating":5,"content":"Test"} | D16: HTTP 401. {"ok":false,"msg":"Vui lòng đăng nhập để đánh giá"}. | J16: Pending
A17: TC5 | B17: Đánh giá với content rỗng | C17: Điều kiện: Đăng nhập, đã đặt sân id=1, chưa review. 1. POST /api/review/1 Body: {"rating":5,"content":""} | D17: HTTP 400. {"ok":false,"msg":"Vui lòng nhập nội dung đánh giá"}. | J17: Pending
A18: TC6 | B18: Rating vượt quá 5 → tự clamp về 5 | C18: Điều kiện: Đăng nhập, đã đặt sân id=1, chưa review. 1. POST /api/review/1 Body: {"rating":10,"content":"Over rating test"} | D18: HTTP 200. {"ok":true,...} DB: review.rating = 5 (max(1,min(5,10))=5). Không báo lỗi, tự giới hạn về 5. | J18: Pending
A19: TC7 | B19: Rating âm → tự clamp về 1 | C19: Điều kiện: Đăng nhập, đã đặt sân id=1, chưa review. 1. POST /api/review/1 Body: {"rating":-3,"content":"Negative test"} | D19: HTTP 200. {"ok":true,...} DB: review.rating = 1 (max(1,min(5,-3))=1). | J19: Pending
A20: API KIỂM TRA QUYỀN REVIEW – GET /api/can-review/<product_id>
A21: TC8 | B21: Kiểm tra quyền – user chưa đặt sân | C21: Điều kiện: Đăng nhập. Chưa đặt sân id=1. 1. GET /api/can-review/1 | D21: {"can_review":false,"has_reviewed":false,"has_booked":false,"reason":"not_booked"} | J21: Pending
A22: TC9 | B22: Kiểm tra quyền – đã đặt, chưa review | C22: Điều kiện: Đăng nhập, có booking sân id=1, chưa review. 1. GET /api/can-review/1 | D22: {"can_review":true,"has_reviewed":false,"has_booked":true,"reason":"ok"} | J22: Pending
A23: TC10 | B23: Kiểm tra quyền – đã review rồi | C23: Điều kiện: Đăng nhập, đã review sân id=1. 1. GET /api/can-review/1 | D23: {"can_review":false,"has_reviewed":true,"has_booked":true,"reason":"already_reviewed"} | J23: Pending

Sheet Venue
A1: TEST CASE | B1: VENUE
A3: System Name： | B3: QUẢN LÝ ĐẶT SÂN THỂ THAO
A4: Module Code： | B4: CR120 - Venue
A5: Test requirement: | B5: CR1 -
A6: Pass | B6: 0 | C6: Pending | D6: 6
A7: Fail | B7: 0 | C7: Number of test cases: | D7: 6
A9: ID | B9: Test Case Description | C9: Test Case Procedure | D9: Expected Results | H9: Actual Results | I9: Test date | J9: Status | K9: Note
A12: HIỂN THỊ TRANG CHI TIẾT – GET /venue/<id>
A13: TC1 | B13: Hiển thị đầy đủ thông tin sân | C13: Điều kiện: Sân id=1 có category, 3 amenities, 6 time_slots, 2 reviews. 1. Truy cập http://localhost:5000/venue/1 2. Quan sát toàn bộ nội dung trang | D13: HTTP 200. Hiển thị: tên, giá, địa chỉ, SĐT, ảnh, mô tả. 3 tiện ích hiển thị đúng. Khung giờ phân theo buổi. Avg_rating và 2 reviews hiển thị đầy đủ. | J13: Pending
A14: TC2 | B14: Sân không tồn tại → 404 | C14: 1. Truy cập http://localhost:5000/venue/9999 | D14: HTTP 404 (first_or_404()). Trang hiển thị lỗi Not Found, không crash server. | J14: Pending
A15: TC3 | B15: User đã đặt sân – form review hiển thị | C15: Điều kiện: Đăng nhập user đã có booking sân id=1, chưa review. 1. Đăng nhập 2. Truy cập /venue/1 3. Cuộn xuống khu vực đánh giá | D15: Form viết đánh giá hiển thị (ô nhập + chọn sao). can_review=True, has_reviewed=False. | J15: Pending
A16: TC4 | B16: User đã review – form review ẩn | C16: Điều kiện: Đăng nhập user đã review sân id=1. 1. Đăng nhập 2. Truy cập /venue/1 3. Cuộn xuống khu vực đánh giá | D16: Form viết đánh giá bị ẩn. Hiển thị thông báo: "Bạn đã đánh giá sân này". has_reviewed=True. | J16: Pending
A17: TC5 | B17: Chưa đăng nhập – không có nút review | C17: Điều kiện: Không có session. 1. Truy cập /venue/1 2. Xem khu vực đánh giá 3. Thử click nút review (nếu có) | D17: Nút/form đánh giá không hiển thị hoặc khi click → redirect sang /login. can_review=False. | J17: Pending
A18: TC6 | B18: Click logo quay về trang chủ | C18: Điều kiện: Đang ở /venue/1. 1. Click logo "Sport Field Booking" ở header | D18: Chuyển hướng về trang chủ http://localhost:5000/ Lưu ý: hiện tại link back trong venue_detail.html trỏ về /login thay vì / → cần kiểm tra bug này. | J18: Pending

Sheet Cancel Booking
A1: TEST CASE | B1: CANCEL BOOKING
A3: System Name： | B3: QUẢN LÝ ĐẶT SÂN THỂ THAO
A4: Module Code： | B4: CR200 - CANCEL BOOKING
A5: Test requirement: | B5: CR1 -
A6: Pass | B6: =COUNTIF(J12:J23,"Pass") -> 0 | C6: Pending | D6: =COUNTIF(J10:J741,"Pending") -> 12
A7: Fail | B7: =COUNTIF(J12:J23,"Fail") -> 0 | C7: Number of test cases: | D7: =COUNTA(A12:A42)-4 -> 12
A9: ID | B9: Test Case Description | C9: Test Case Procedure | D9: Expected Results | H9: Actual Results | I9: Test date | J9: Status | K9: Note
A12: 1. Chỉ người đặt mới được hủy
A13: TC1 | B13: Hủy sân sau khi đặt sân trong cùng một tài khoản | C13: 1: Truy cập vào trang và đăng nhập tài khoản thành công. 2: Chuyển tab "Sân đã đặt" nhấn "HỦY SÂN" cần hủy. | D13: Hệ thống tự động tải lại trang, tab "Sân đã đặt" không còn sân vừa hủy. | J13: Pending
A14: TC2 | B14: Huỷ một booking không tồn tại. | C14: 1: Truy cập vào trang và đăng nhập tài khoản thành công. 2: Gửi yêu cầu POST api/cancel-booking/99999 | D14: Flash thông báo: "Không tìm thấy hoặc bạn không có quyền!" | J14: Pending
A15: TC3 | B15: Hủy sân của một user khác | C15: 1: Truy cập vào trang và đăng nhập user A thành công. 2: Đặt lịch ở user A rồi đăng nhập vào user B. 3: Chuyển tab "Sân đã đặt" để kiểm tra. | D15: Không thấy sân đã đặt lịch ở user A | J15: Pending
A16: 2. Không hủy khi còn <2 giờ trước giờ chơi
A17: TC4 | B17: Hủy một sân khi còn 2 giờ 1 phút trước giờ chơi | C17: Booking #1 có giờ bắt đầu là 14:00 hôm nay. Thời gian hiện tại là 11:59: 1: Truy cập vào trang và đăng nhập tài khoản thành công. 2: Chuyển sang tab "Sân đã đặt". 3: Nhấn "HỦY SÂN" ở booking #1. | D17: Hệ thống tự động tải lại trang, tab "Sân đã đặt" không còn booking #1. | J17: Pending
A18: TC5 | B18: Huỷ một sân khi còn đúng 2 giờ trước giờ chơi | C18: Booking #1 có giờ bắt đầu là 14:00 hôm nay. Thời gian hiện tại là 12:00: 1: Truy cập vào trang và đăng nhập tài khoản thành công. 2: Chuyển sang tab "Sân đã đặt". 3: Nhấn "HỦY SÂN" ở booking #1. | D18: Hệ thống từ chối huỷ sân, hiển thị thông báo "Sân sắp đá, không được huỷ!" | J18: Pending
A19: TC6 | B19: Huỷ một sân khi còn 1 giờ 59 phút trước giờ chơi | C19: Booking #1 có giờ bắt đầu là 14:00 hôm nay. Thời gian hiện tại là 12:01: 1: Truy cập vào trang và đăng nhập tài khoản thành công. 2: Chuyển sang tab "Sân đã đặt". 3: Nhấn "HỦY SÂN" ở booking #1. | D19: Hệ thống từ chối huỷ sân, hiển thị thông báo "Sân sắp đá, không được huỷ!" | J19: Pending
A20: 3. Không hủy khi đang chơi
A21: TC7 | B21: Hủy một sân đang trong thời gian sử dụng | C21: 1: Truy cập vào trang và đăng nhập tài khoản thành công. 2: Chuyển sang tab "Sân đã đặt". 3: Nhấn "HỦY SÂN" ở booking đang trong thời gian sử dụng. | D21: Hệ thống có thông báo "Sân đang trong giờ sử dụng, bạn không thể hủy lúc này!" | J21: Pending
A22: TC8 | B22: Hủy một sân ngay khi vừa thi đấu xong | C22: 1: Truy cập vào trang và đăng nhập tài khoản thành công. 2: Chuyển sang tab "Sân đã đặt". 3: Nhấn "HỦY SÂN" ở booking vừa mới thi đấu xong. | D22: Hệ thống có thông báo "Sân này đã thi đấu xong, không thể hủy!" | J22: Pending
A23: TC9 | B23: Hủy một sân sau khi vừa thi đấu xong 15 phút. | C23: 1: Truy cập vào trang và đăng nhập tài khoản thành công. 2: Chuyển sang tab "Sân đã đặt". 3: Nhấn "HỦY SÂN" ở booking đã qua thời gian sử dụng 15 phút. | D23: Hệ thống có thông báo "Sân này đã thi đấu xong, không thể hủy!" | J23: Pending
A24: 4. Những trường hợp khác
A25: TC10 | B25: Sau khi huỷ, slot đó đó hiển thị là trống trở lại. | C25: 1: Truy cập vào trang và đăng nhập tài khoản thành công. 2: Chuyển sang tab "Sân đã đặt". 3: Nhấn "HỦY SÂN" ở một sân có status = confirmed trong bảng Booking trong database. 4: Kiểm tra lại trang chi tiết sân vừa huỷ. | D25: Khung thời gian trùng với khung thời gian của sân vừa huỷ không còn bị mờ đi nữa. | J25: Pending
A26: TC11 | B26: Booking bị xoá hoàn toàn | C26: 1: Truy cập vào trang và đăng nhập tài khoản thành công. 2: Chuyển sang tab "Sân đã đặt". 3: Nhấn "HỦY SÂN" ở một sân có status = confirmed trong bảng Booking trong database. 4: Kiểm tra lại bảng Booking trong database. | D26: Sân vừa huỷ không còn trong bảng Booking nữa. | J26: Pending
A27: TC12 | B27: Huỷ sân khi chưa đăng nhập | C27: 1: Truy cập vào trang ở trạng thái chưa đăng nhập. 2: Chuyển sang tab "Sân đã đặt". | D27: Tab "Sân đã đặt" trống. | J27: Pending

Sheet Auth
A1: TEST CASE | B1: CANCEL BOOKING
A3: System Name： | B3: QUẢN LÝ ĐẶT SÂN THỂ THAO
A4: Module Code： | B4: CR300 - AUTH
A5: Test requirement: | B5: CR1 -
A6: Pass | B6: =COUNTIF(J12:J23,"Pass") -> 0 | C6: Pending | D6: =COUNTIF(J10:J741,"Pending") -> 0
A7: Fail | B7: =COUNTIF(J12:J23,"Fail") -> 0 | C7: Number of test cases: | D7: =COUNTA(A12:A41)-4 -> 26
A9: ID | B9: Test Case Description | C9: Test Case Procedure | D9: Expected Results | H9: Actual Results | I9: Test date | J9: Status | K9: Note
A12: 1.Đăng Ký Tài Khoản
A13: TC1 | B13: Đăng ký thành công – đủ thông tin hợp lệ | C13: Điều kiện: DB chưa có username="user_test01". 1. Truy cập http://localhost:5000/register 2. Nhập: username=user_test01, password=Test@1234, confirm=Test@1234, email=user01@gmail.com, phone=0912345678 3. Click "Tạo tài khoản" | D13: Chuyển hướng về trang chủ (HTTP 302 → /). Flash: "Đăng ký thành công! Vui lòng đăng nhập." DB tạo bản ghi User mới: auth_type="local", password là bcrypt hash.
A14: TC2 | B14: Đăng ký thất bại – username đã tồn tại | C14: Điều kiện: DB đã có username="admin". 1. Truy cập /register 2. Nhập username="admin", password=Test@1234, confirm=Test@1234 3. Submit | D14: HTTP 200 – render lại trang register. Thông báo lỗi: "Tên đăng nhập đã tồn tại". Không tạo bản ghi mới trong DB.
A15: TC3 | B15: Đăng ký thất bại – mật khẩu thiếu chữ HOA | C15: Điều kiện: username="newuser99" chưa tồn tại. 1. Truy cập /register 2. Nhập password="test@1234" (không có chữ hoa) 3. Submit | D15: Thông báo lỗi: "Mật khẩu cần có: ít nhất 1 chữ HOA".
A16: TC4 | B16: Đăng ký thất bại – mật khẩu < 8 ký tự | C16: 1. Truy cập /register 2. Nhập password="T@1" (3 ký tự), confirm="T@1" 3. Submit | D16: Thông báo lỗi: "Mật khẩu cần có: ít nhất 8 ký tự".
A17: TC5 | B17: Đăng ký thất bại – mật khẩu không có ký tự đặc biệt | C17: 1. Truy cập /register 2. Nhập password="TestPass1" (không có ký tự đặc biệt) 3. Submit | D17: Thông báo lỗi: "Mật khẩu cần có: ít nhất 1 ký tự đặc biệt".
A18: TC6 | B18: Đăng ký thất bại – mật khẩu không có chữ số | C18: 1. Truy cập /register 2. Nhập password="Test@Pass" (không có số) 3. Submit | D18: Thông báo lỗi: "Mật khẩu cần có: ít nhất 1 chữ số".
A19: TC7 | B19: Đăng ký thất bại – confirm password không khớp | C19: 1. Truy cập /register 2. Nhập password="Test@1234", confirm="Test@9999" 3. Submit | D19: Thông báo lỗi: "Mật khẩu xác nhận không khớp".
A20: TC8 | B20: Đăng ký thất bại – email sai định dạng | C20: 1. Truy cập /register 2. Nhập email="notanemail" 3. Submit | D20: Thông báo lỗi: "Email không hợp lệ".
A21: TC9 | B21: Đăng ký thất bại – email đã tồn tại trong DB | C21: Điều kiện: DB đã có email="exist@gmail.com". 1. Truy cập /register 2. Nhập email="exist@gmail.com" 3. Submit | D21: Thông báo lỗi: "Email này đã được sử dụng".
A22: TC10 | B22: Đăng ký thất bại – SĐT sai định dạng (9 số) | C22: 1. Truy cập /register 2. Nhập phone="091234567" (9 số) 3. Submit | D22: Thông báo lỗi: "Số điện thoại không hợp lệ (cần 10 số, bắt đầu 0)".
A23: TC11 | B23: Đăng ký thất bại – SĐT bắt đầu bằng số 1 | C23: 1. Truy cập /register 2. Nhập phone="1912345678" 3. Submit | D23: Thông báo lỗi: "Số điện thoại không hợp lệ". Regex kiểm tra: ^(0[3-9][0-9]{8})$
A24: TC12 | B24: Đăng ký thất bại – SĐT đã tồn tại | C24: Điều kiện: DB đã có phone="0912345678". 1. Truy cập /register 2. Nhập phone="0912345678" 3. Submit | D24: Thông báo lỗi: "Số điện thoại này đã được sử dụng".
... A26: TC14 | B26: Đăng ký thất bại – username bỏ trống | C26: 1. Truy cập /register 2. Để trống trường username 3. Nhập password hợp lệ 4. Submit | D26: Thông báo lỗi: "Vui lòng nhập tên đăng nhập". Không tạo bản ghi mới.
A27: 2.Đăng Nhập Tài Khoản
A28: TC15 | B28: Đăng nhập thành công bằng username + password | C28: Điều kiện: User "testuser01" tồn tại, password hash của "Test@1234". 1. Truy cập /login → chọn tab "Tài khoản" 2. Nhập username=testuser01, password=Test@1234 3. Submit POST /login | D28: HTTP 302 → trang chủ. Flash: "Đăng nhập thành công!" Session được set: session["user_id"]=<id>, session["username"]="testuser01".
A29: TC16 | B29: Đăng nhập thất bại – username không tồn tại | C29: 1. Truy cập /login → tab "Tài khoản" 2. Nhập username="ghost_user", password=Test@1234 3. Submit | D29: Flash lỗi: "Tên đăng nhập hoặc mật khẩu không đúng!" Không tạo session.
A30: TC17 | B30: Đăng nhập thất bại – sai mật khẩu | C30: Điều kiện: User "testuser01" tồn tại. 1. Nhập đúng username, sai password="WrongPass!99" 2. Submit | D30: Flash lỗi: "Tên đăng nhập hoặc mật khẩu không đúng!" check_password() trả về False.
A31: TC18 | B31: Đăng nhập thành công bằng Email | C31: Điều kiện: User có email="user01@gmail.com", password="Test@1234". 1. Truy cập /login → tab "Email" 2. Nhập email + password 3. POST /login/email | D31: HTTP 302 → trang chủ. Session được set đúng.
A32: TC19 | B32: Đăng nhập email thất bại – email sai định dạng | C32: 1. POST /login/email với email="notanemail", password=Test@1234 | D32: Render login.html với error="Email không hợp lệ".
A33: TC20 | B33: Đăng nhập thành công bằng SĐT | C33: Điều kiện: User có phone="0912345678", password="Test@1234". 1. Truy cập /login → tab "SĐT" 2. Nhập phone + password 3. POST /login/phone | D33: HTTP 302 → trang chủ. Session được set đúng.
A34: TC21 | B34: Đăng nhập SĐT thất bại – SĐT sai định dạng | C34: 1. POST /login/phone với phone="01234" (không đúng 10 số) | D34: Thông báo lỗi: "Số điện thoại không hợp lệ".
A35: TC22 | B35: Đăng xuất thành công | C35: Điều kiện: User đang có session hợp lệ. 1. Truy cập GET /logout | D35: Session bị xóa hoàn toàn (session.clear()). Flash: "Bạn đã đăng xuất!" Chuyển hướng về trang chủ /.
A36: 3.Login bằng Google
A37: TC23 | B37: Google OAuth – user mới hoàn toàn | C37: Điều kiện: Google ClientID/Secret đã cấu hình. Email Google chưa có trong DB. 1. Click /auth/google 2. OAuth consent → chọn "newgoogle@gmail.com" 3. Callback /auth/google/callback với code hợp lệ | D37: Tạo User mới: username từ Google name, auth_type="google", google_id được set. Session set. Flash chào mừng.
A38: TC24 | B38: Google OAuth – email trùng user cũ → liên kết tài khoản | C38: Điều kiện: DB đã có user với email="exist@gmail.com", google_id=None. 1. OAuth → chọn "exist@gmail.com" 2. Callback | D38: Không tạo user mới. Cập nhật google_id + google_email vào user cũ. Đăng nhập thành công.
A39: 4.Quyền Admin , User
A40: TC25 | B40: Truy cập /admin khi không phải admin → bị chặn | C40: Điều kiện: User "regular_user" đăng nhập (không phải "admin"). 1. Đăng nhập "regular_user" 2. Truy cập GET /admin | D40: Flash: "Bạn không có quyền truy cập!" Chuyển hướng về /login. MyAdminIndexView kiểm tra session["username"].lower() == "admin".
A41: TC26 | B41: Truy cập /admin/product khi chưa đăng nhập | C41: Điều kiện: Không có session. 1. Không đăng nhập 2. Truy cập trực tiếp GET /admin/product | D41: Chuyển hướng về /login. SecureModelView.is_accessible()=False → gọi inaccessible_callback().

Sheet Admin
A1: TEST CASE | B1: CANCEL BOOKING
A3: System Name： | B3: QUẢN LÝ ĐẶT SÂN THỂ THAO
A4: Module Code： | B4: CR400 - ADMIN
A5: Test requirement: | B5: CR1 -
A6: Pass | B6: =COUNTIF(J12:J23,"Pass") -> 0 | C6: Pending | D6: =COUNTIF(J10:J741,"Pending") -> 0
A7: Fail | B7: =COUNTIF(J12:J23,"Fail") -> 0 | C7: Number of test cases: | D7: =COUNTA(A12:A29)-4 -> 14
A9: ID | B9: Test Case Description | C9: Test Case Procedure | D9: Expected Results | H9: Actual Results | I9: Test date | J9: Status | K9: Note
A12: 1. Dashboard admin - GET /admin
A13: TC1 | B13: Dashboard hiển thị đúng 4 thống kê | C13: Điều kiện: DB: 10 users, 5 categories, 20 products, 50 bookings (30 confirmed). 1. Đăng nhập admin 2. Truy cập GET /admin 3. Kiểm tra 4 stat-card | D13: Dashboard hiển thị: - Khách hàng: 10 - Lượt đặt sân: 50 - Số lượng sân: 20 - Doanh thu dự kiến: tổng price của 30 booking confirmed.
A14: TC2 | B14: Dashboard – không có confirmed booking, revenue = 0 | C14: Điều kiện: Tất cả booking đều bị cancelled. 1. Đăng nhập admin 2. GET /admin | D14: Stat-card "Doanh thu dự kiến" hiển thị: 0 VNĐ. scalar() trả về None → code xử lý "or 0".
A15: TC3 | B15: Non-admin truy cập /admin – bị chặn | C15: Điều kiện: User "customer1" đăng nhập. 1. Đăng nhập customer1 2. Truy cập GET /admin | D15: Flash: "Bạn không có quyền truy cập!" Chuyển hướng về /login.
A16: 2.Quản lý sân - thêm sân
A17: TC4 | B17: Thêm sân mới thành công | C17: Điều kiện: Admin đăng nhập. 1. Truy cập /admin/product → Click "Create" 2. Điền: name="Sân Pickleball X1", price=180000, category_id=2, active=True 3. Click "Save" | D17: Sân xuất hiện trong danh sách admin. DB tạo bản ghi Product mới. Sân hiển thị trên trang chủ (active=True).
A18: TC5 | B18: Thêm sân thất bại – tên đã tồn tại | C18: Điều kiện: DB đã có name="Sân tennis A1". 1. Create product với name="Sân tennis A1" | D18: Lỗi UniqueViolation. Flash thông báo lỗi. Không tạo bản ghi mới.
A19: TC6 | B19: Thêm sân – category_id không tồn tại | C19: Điều kiện: category_id=9999 không có trong DB. 1. Create product với category_id=9999 | D19: Lỗi ForeignKey. Form báo lỗi. Không tạo bản ghi
A20: 3. Quản lý sân - xóa sân
A21: TC7 | B21: Xóa sân thành công – không có future booking | C21: Điều kiện: Sân id=5 không có booking nào date >= now với status="confirmed". 1. /admin/product → Click "Delete" sân id=5 2. Confirm | D21: Sân bị xóa. Cascade DELETE: bookings, favorites, reviews, amenities, time_slots liên quan cũng bị xóa.
A22: TC8 | B22: Xóa sân thất bại – có future booking confirmed | C22: Điều kiện: Sân id=3 có Booking(date=2026-04-20, status="confirmed"). 1. /admin/product → Delete sân id=3 | D22: Flash lỗi: "Sân này đang có lịch đặt vào ngày 20/04/2026." Sân KHÔNG bị xóa. Redirect về danh sách.
A23: TC9 | B23: Xóa sân thành công – chỉ có booking quá khứ | C23: Điều kiện: Sân id=4 chỉ có booking ngày 10/04/2026 (quá khứ). 1. Delete sân id=4 | D23: Xóa thành công. filter Booking.date >= now không match booking cũ.
A24: TC10 | B24: Xóa sân – booking status=cancelled không chặn | C24: Điều kiện: Sân id=6 có booking ngày mai nhưng status="cancelled". 1. Delete sân id=6 | D24: Xóa thành công. Filter status="confirmed" không match booking cancelled.
A25: 4. Quản lý sân - sửa sân
A26: TC11 | B26: Sửa giá sân | C26: Điều kiện: Sân id=2 có price=150000. 1. /admin/product → Edit sân id=2 2. Đổi price=200000 → Save | D26: DB: Product id=2 price=200000. Trang chủ hiển thị giá mới.
A27: TC12 | B27: Deactivate sân (active=False) | C27: Điều kiện: Sân id=2 active=True. 1. Edit sân id=2 → bỏ check active → Save 2. Truy cập GET / | D27: Sân id=2 không còn hiển thị trên trang chủ. Product.query.filter_by(active=True) không trả về sân này.
A28: TC13 | B28: Tìm kiếm sân trong admin | C28: Điều kiện: Admin tại /admin/product. 1. Nhập "tennis" vào search box 2. Submit | D28: Chỉ hiển thị sân có name chứa "tennis". column_searchable_list=["name","price"].
A29: TC14 | B29: Sắp xếp sân theo giá | C29: Điều kiện: Admin tại /admin/product. 1. Click header cột "Giá" | D29: Lần 1: sắp xếp price ASC. Lần 2: sắp xếp price DESC. column_sortable_list=["id","name","price"].

Sheet Favorite
A1: TEST CASE | B1: FAVORITE
A3: System Name： | B3: QUẢN LÝ ĐẶT SÂN THỂ THAO
A4: Module Code： | B4: CR500 - Favorite
A5: Test requirement: | B5: CR1 -
A6: Pass | B6: =COUNTIF(J12:J21,"Pass") -> 0 | C6: Pending | D6: =COUNTIF(J10:J740,"Pending") -> 8
A7: Fail | B7: =COUNTIF(J12:J21,"Fail") -> 0 | C7: Number of test cases: | D7: =COUNTA(A12:A22)-3 -> 8
A9: ID | B9: Test Case Description | C9: Test Case Procedure | D9: Expected Results | H9: Actual Results | I9: Test date | J9: Status | K9: Note
A12: 1. Toggle Favorite - Thêm và xoá
A13: TC1 | B13: Gọi POST api/favorite/1 khi chưa nhấn yêu thích. | C13: 1: Truy cập trang và đăng nhập thành công. 2: Nhấn yêu thích sân có product_id = 1. 3: Gửi POST api/favorite/1 4: Kiểm tra kết quả. | D13: api trả về {added: false; ok: true} | J13: Pending
A14: TC2 | B14: Gọi POST api/favorite/1 khi vừa nhấn yêu thích. | C14: 1: Truy cập trang và đăng nhập thành công. 2: Nhấn yêu thích sân có product_id = 1. 3: Gửi POST api/favorite/1 4: Kiểm tra kết quả. | D14: api trả về {added: true; ok: true} | J14: Pending
A15: 2. Hiển thị và đồng bộ favorite
A16: TC3 | B16: Kiểm tra Tab "Yêu thích" khi nhấn "Yêu thích" 3 sản phẩm. | C16: 1: Truy cập trang và đăng nhập thành công. 2: Nhấn trái tim màu xám ở phía góc trên bên phải của 3 sản phẩm bất kỳ. 3: Chuyển sang tab "Yêu thích". 4: Kiểm tra các sản phẩm trong tab "Yêu thích" | D16: Tab "Yêu thích" hiển thị đầy đủ thông tin tên sân, giá cả, trái tim trên góc phải của sản phẩm chuyển thành màu đỏ. | J16: Pending
A17: TC4 | B17: Kiểm tra Tab "Yêu thích" khi chưa đăng nhập. | C17: 1: Truy cập trang và đăng nhập thành công. 2: Chuyển sang tab "Yêu thích". | D17: Tab "Yêu thích" rỗng, có thông báo "Bạn chưa có sân nào trong danh sách yêu thích." | J17: Pending
A18: TC5 | B18: Huỷ yêu thích một sản phẩm ở tab "Yêu thích". | C18: 1: Truy cập trang và đăng nhập thành công. 2: Chuyển sang tab "Yêu thích". 3: Nhấn trái tim màu đỏ ở phía trên góc phải của sản phẩm để huỷ yêu thích. | D18: Sản phẩm đó biến mất ngay lập tức khỏi tab "Yêu thích". | J18: Pending
A19: TC6 | B19: Kiểm tra sự đồng bộ giữa | C19: 1: Truy cập trang và mở thêm 1 tab trình duyệt, đăng nhập thành công cùng 1 tài khoản. 2: Tab A để trang "Danh sách sân" và tab B để trang "Yêu thích. 3: Tại Tab A, nhấn vào trái tim xám trên góc phải của một sản phẩm.. 4: Kiểm tra danh sách "Yêu thích" ở tab B. | D19: 1. Sản phẩm vừa nhấn yêu thích chưa hiển thị bên tab B ngay lập tức. 2: Tải lại trang, tab B hiển thị sân vừa nhấn yêu thích với thông tin chính xác. | J19: Pending
A20: 3. Các trường hợp đặc biệt
A21: TC7 | B21: Yêu thích một sân khi chưa đăng nhập | C21: 1: Truy cập trang ở trạng thái chưa đăng nhập. 2: Nhấn vào trái tim xám phía trên một sản phẩm. 3: Quan sát thông báo. | D21: Flash hiển thị thông báo "Bạn cần đăng nhập!". | J21: Pending
A22: TC8 | B22: Yêu thích một sân không tồn tại trong cơ sở dữ liệu. | C22: 1: Truy cập trang và đăng nhập thành công. 2: Gửi yêu cầu POST api/favorite/9999 | D22: HTTP 404. Server không bị crash | J22: Pending

Sheet Home
A1: TEST CASE | B1: CANCEL BOOKING
A3: System Name： | B3: QUẢN LÝ ĐẶT SÂN THỂ THAO
A4: Module Code： | B4: CR600 - HOME
A5: Test requirement: | B5: CR1 -
A6: Pass | B6: =COUNTIF(J12:J23,"Pass") -> 0 | C6: Pending | D6: =COUNTIF(J10:J741,"Pending") -> 0
A7: Fail | B7: =COUNTIF(J12:J23,"Fail") -> 0 | C7: Number of test cases: | D7: =COUNTA(A12:A32)-4 -> 17
A9: ID | B9: Test Case Description | C9: Test Case Procedure | D9: Expected Results | H9: Actual Results | I9: Test date | J9: Status | K9: Note
A12: 1.Hiển thị trang chủ - GET /
A13: TC1 | B13: Trang chủ hiển thị đúng danh sách sân active | C13: Điều kiện: DB có 5 sân: 4 active=True, 1 active=False. 1. Truy cập http://localhost:5000/ 2. Quan sát section #venues | D13: Hiển thị đúng 4 sân (active=True). Sân active=False không xuất hiện. Product.query.filter_by(active=True) trả về 4 kết quả.
A14: TC2 | B14: Trang chủ khi đã đăng nhập – hiển thị bookings + favorites | C14: Điều kiện: User đăng nhập, có 2 booking, 1 favorite. 1. Đăng nhập → GET / 2. Kiểm tra tab "Sân đã đặt" và "Yêu thích" | D14: Tab "Sân đã đặt" có 2 booking. Tab "Yêu thích" có 1 sân. Icon tim đỏ đúng ở sân đã favorite.
A15: TC3 | B15: Trang chủ khi chưa đăng nhập – các tab rỗng | C15: Điều kiện: Không có session. 1. Không đăng nhập → GET / | D15: Tab "Sân đã đặt": hiện thông báo "Bạn chưa có sân nào trong danh sách sân đã đặt." Tab "Yêu thích": hiện thông báo rỗng. Icon tim là fa-regular (chưa yêu thích).
A16: 2.Tìm kiếm sân
A17: TC4 | B17: Tìm kiếm theo tên sân – có kết quả | C17: Điều kiện: DB có sân "Sân tennis A1", "Sân bóng đá B2". 1. Nhập "tennis" vào ô tìm kiếm 2. Click "Tìm kiếm" hoặc nhấn Enter 3. Quan sát #venues | D17: Chỉ hiển thị card có tên chứa "tennis" (case-insensitive). Card "Sân bóng đá B2" bị ẩn.
A18: TC5 | B18: Tìm kiếm không có kết quả | C18: 1. Nhập "xyz999" vào ô tìm kiếm 2. Submit | D18: Không hiển thị card nào trong #venues.
A19: TC6 | B19: Tìm kiếm bỏ trống – hiển thị tất cả sân | C19: Điều kiện: DB có 4 sân active. 1. Xóa hết nội dung ô tìm kiếm → Submit | D19: Hiển thị lại toàn bộ 4 sân active.
A20: TC7 | B20: Tìm kiếm theo tiện ích (amenity label) | C20: Điều kiện: Sân A có amenity "Wifi", sân B không có. 1. Nhập "Wifi" vào ô tìm kiếm 2. Submit | D20: Chỉ hiện sân A (hidden-amenities div chứa "Wifi"). JS tìm trong cả .hidden-amenities.
A21: TC8 | B21: Autocomplete gợi ý khi gõ | C21: Điều kiện: DB có sân "Sân tennis A1". 1. Gõ từng ký tự "t", "e", "n" vào ô tìm kiếm | D21: Dropdown #suggestions xuất hiện với gợi ý "Sân tennis A1".
A22: 3. Lọc sân
A23: TC9 | B23: Lọc theo loại sân – Sân tennis | C23: Điều kiện: DB có sân tennis và sân bóng đá. 1. Click nút lọc (filter icon) 2. Modal mở → check "Sân tennis" 3. Click "Áp dụng" | D23: Chỉ hiển thị sân có category.name chứa "tennis".
A24: TC10 | B24: Lọc theo khoảng giá – Dưới 200,000đ | C24: Điều kiện: Sân A: 150k; Sân B: 300k; Sân C: 500k. 1. Modal filter → Chọn radio "Dưới 200,000đ" 2. Áp dụng | D24: Chỉ hiện Sân A (150,000đ). Sân B và C bị ẩn.
A25: TC11 | B25: Lọc theo khoảng giá – 200,000 – 500,000đ | C25: Điều kiện: Sân A: 150k; Sân B: 300k; Sân C: 600k. 1. Modal → chọn radio "200,000 – 500,000đ" 2. Áp dụng | D25: Chỉ hiện Sân B (300,000đ). Cần xác nhận: 200,000 và 500,000 có nằm trong range không?
A26: TC12 | B26: Lọc theo tiện ích – Wifi | C26: Điều kiện: Sân A có Wifi, Sân B không. 1. Modal → check "Wifi" 2. Áp dụng | D26: Chỉ hiện Sân A.
A27: TC13 | B27: Lọc kết hợp – Sân tennis + Dưới 200,000đ | C27: 1. Modal → chọn "Sân tennis" + radio dưới 200k 2. Áp dụng | D27: Chỉ hiện sân tennis có giá dưới 200k (logic AND).
A28: TC14 | B28: Reset bộ lọc | C28: Điều kiện: Đang áp dụng filter. 1. Click "Xóa bộ lọc" | D28: Tất cả filter bị xóa, hiện lại toàn bộ sân. resetFilters() được gọi.
A29: TC15 | B29: Lọc không có kết quả | C29: Điều kiện: DB không có sân pickleball. 1. Modal → check "Sân pickleball" 2. Áp dụng | D29: Không hiển thị card nào.
A30: 4.Chuyển tab
A31: TC16 | B31: Chuyển tab "Sân đã đặt" | C31: Điều kiện: User đăng nhập. 1. Click tab "Sân đã đặt" | D31: Section #booked hiện ra (class active). Section #venues, #favorites ẩn.
A32: TC17 | B32: Chuyển tab "Yêu thích" | C32: Điều kiện: User đăng nhập. 1. Click tab "Yêu thích" | D32: Section #favorites hiện ra. Các tab khác ẩn.

Sheet Pay
A1: TEST CASE | B1: PAY
A3: System Name： | B3: QUẢN LÝ ĐẶT SÂN THỂ THAO
A4: Module Code： | B4: CR700 - PAY
A5: Test requirement: | B5: CR1 -
A6: Pass | B6: 0 | C6: Pending | D6: 11
A7: Fail | B7: 0 | C7: Number of test cases: | D7: 11
A9: ID | B9: Test Case Description | C9: Test Case Procedure | D9: Expected Results | H9: Actual Results | I9: Test date | J9: Status | K9: Note
A12: 1. Đăng nhập → GET /payment/<id>
A13: TC1 | B13: User đang session; booking thuộc user đó. | C13: 1:Đăng nhập user 2:GET /payment/<id> 3:follow_redirects=True | D13: status_code == 200 | J13: Pending
A14: 2. Người dùng chưa đăng nhập không được truy cập trang thanh toán.
A15: TC2 | B15: Không có session user_id. | C15: 1: Gọi GET không session 2: follow_redirects=False | D15: status_code == 302 (chuyển về /login) | J15: Pending
A16: 3. User B không được xem trang thanh toán booking của User A.
A17: TC3 | B17: Booking thuộc user A, đăng nhập bằng user B. | C17: 1: Đăng nhập user B 2: GET /payment/<id của A> 3: follow_redirects=False | D17: status_code == 302 | J17: Pending
A18: 4. GET với booking_id không hợp lệ (99999) phải xử lý graceful.
A19: TC4 | B19: DB rỗng (không có booking 99999). | C19: 1: Đăng nhập bất kỳ user 2: GET /payment/99999 3: follow_redirects=False | D19: status_code == 302 hoặc 404 | J19: Pending
A20: 5. Booking đã thanh toán → hiển thị 'ĐÃ THANH TOÁN'
A21: TC5 | B21: Khi bill tồn tại, trang hiển thị trạng thái đã thanh toán. | C21: 1: Tạo Bill cho booking 2: GET /payment/<id> 3: Kiểm tra nội dung trang | D21: Response chứa 'ĐÃ THANH TOÁN' hoặc mã hóa đơn | J21: Pending
A22: 6. Thanh toán trực tiếp → ok=True
A23: TC6 | B23: POST /api/payment với method='direct' phải trả 200 và ok=True. | C23: 1: POST /api/payment với JSON 2: Parse response 3: Assert ok==True và bill_id tồn tại | D23: status 200, ok=True, bill_id là int | J23: Pending
A24: 7. Thanh toán online → ok=True
A25: TC7 | B25: POST /api/payment với method='online' phải thành công. | C25: 1: POST với payment_method='online' 2: Assert ok==True | D25: ok=True, bill được tạo với payment_method='online' | J25: Pending
A26: 8. Bill xuất hiện trong DB sau thanh toán
A27: TC8 | B27: Sau khi gọi API thành công, Bill phải có trong DB. | C27: 1: POST /api/payment 2: Query Bill.filter_by(booking_id=X) 3: Assert first() is not None | D27: Bill tồn tại trong DB | J27: Pending
A28: 9. Thanh toán 2 lần → 400
A29: TC9 | B29: Booking đã có bill → API từ chối, trả 400. | C29: 1: Lần 1 đã thanh toán 2: POST lại /api/payment 3: Assert status 400, ok=False | D29: status 400, ok=False, msg chứa 'Đã thanh toán' | J29: Pending
A30: 10. Group booking: amount = price × số slot
A31: TC10 | B31: Booking thuộc group → tính tổng theo số lượng slot trong nhóm. | C31: 1: POST /api/payment với booking_id trong group 2: Assert bill.amount == 300000*3 | D31: bill.amount == 900000 (300000 × 3 slot) | J31: Pending
A32: 11. Group booking: thanh toán 2 lần → 400
A33: TC11 | B33: Bất kỳ booking nào trong nhóm đã có bill → từ chối thanh toán lại. | C33: 1: Thanh toán group lần 1 2: POST lại với booking khác trong group 3: Assert 400 | D33: status 400, ok=False, msg chứa 'Đã thanh toán' | J33: Pending

Sheet Samples
A1: TEST CASE
A3: System Name： | B3: Sample Project
A4: Module Code： | B4: CR100 - Export to excel
A5: Test requirement: | B5: CR1 -
A6: Pass | B6: =COUNTIF(J12:J17,"Pass") -> 3 | C6: Pending | D6: =COUNTIF(J10:J736,"Pending") -> 0
A7: Fail | B7: =COUNTIF(J12:J17,"Fail") -> 0 | C7: Number of test cases: | D7: =COUNTA(A12:A17)-15 -> -9
A9: ID | B9: Test Case Description | C9: Test Case Procedure | D9: Expected Results | H9: Actual Results | I9: Test date | J9: Status | K9: Note
A12: 1. Check add role "CanExportAllCarrierChoises": This will be typically set for System users only
A13: TC1 | B13: Checking new role is added | C13: 1: Go to the system TestProEngine with Classic or Current or Expert Mode 2: Go to maintenance 3: Click Maintenance Users 4: Click Role Tab | D13: Role Tab is added a new role, it's name "CanExportAllCarrierChoices" | J13: Pass
A14: Check set Role CanExportAllCarrierChoices = True
A15: TC2 | B15: Checking new function is added in Classic or Current Mode | C15: 1: Go to the system TestProEngine with Classic or Current Mode that has to set role "CanExportAllCarrierChoices" 2: Submit for the quote 3: Open the quote at the home 4: Go to Quick Links | D15: See a new selector: "Export all Carriers" | J15: Pass
A16: Check set Role CanExportAllCarrierChoices = False
A17: TC3 | B17: Checking new function is added in Classic or Current Mode | C17: 1: Go to the system TestProEngine with Classic or Current Mode that has not to set role "CanExportAllCarrierChoices" 2: Submit for the quote 3: Open the quote at the home 4: Go to Quick Links | D17: Don't see a new selector: "Export all Carriers" | J17: Pass

Sheet Test Report
A1: TEST REPORT
B3: Note:
B4: Date
B7: No | C7: Module code | D7: Pass | E7: Fail | F7: Pending | G7: Number of test cases
B8: 1 | C8: CR400-AUTH – Đăng ký & Đăng nhập | D8: =COUNTIF(Auth!J10:J29, "Pass") -> 0 | E8: =COUNTIF(Auth!J10:J29, "Fail") -> 0 | F8: =COUNTIF(Auth!J10:J29, "Pending") -> 0 | G8: =Auth!D7 -> 26
B9: 2 | C9: CR600-HOME – Trang chủ & Tìm kiếm | D9: =COUNTIF(Home!J10:J29, "Pass") -> 0 | E9: =COUNTIF(Home!J10:J29, "Fail") -> 0 | F9: =COUNTIF(Home!J10:J29, "Pending") -> 0 | G9: =Home!D7 -> 17
B10: 3 | C10: CR500-FAV – Yêu thích | D10: =COUNTIF(Favorite!J10:J29, "Pass") -> 0 | E10: =COUNTIF(Favorite!J10:J29, "Fail") -> 0 | F10: =COUNTIF(Favorite!J10:J29, "Pending") -> 8 | G10: =Favorite!D7 -> 8
B11: 4 | C11: CR100-BOOKING – Đặt sân | D11: =COUNTIF(Booking!J10:J42, "Pass") -> 0 | E11: =COUNTIF(Booking!J10:J42, "Fail") -> 0 | F11: =COUNTIF(Booking!J10:J42, "Pending") -> 23 | G11: =Booking!D7 -> 23
B12: 5 | C12: CR200-CANCEL – Hủy sân | D12: =COUNTIF('Cancel Booking'!J10:J29, "Pass") -> 0 | E12: =COUNTIF('Cancel Booking'!J10:J29, "Fail") -> 0 | F12: =COUNTIF('Cancel Booking'!J10:J29, "Pending") -> 12 | G12: ='Cancel Booking'!D7 -> 12
B13: 6 | C13: CR-REVIEW – Đánh giá | D13: =COUNTIF(Review!J10:J29, "Pass") -> 0 | E13: =COUNTIF(Review!J10:J29, "Fail") -> 0 | F13: =COUNTIF(Review!J10:J29, "Pending") -> 10 | G13: =Review!D7 -> 10
B14: 7 | C14: CR400-ADMIN – Quản trị viên | D14: =COUNTIF(Admin!J10:J29, "Pass") -> 0 | E14: =COUNTIF(Admin!J10:J29, "Fail") -> 0 | F14: =COUNTIF(Admin!J10:J29, "Pending") -> 0 | G14: =Admin!D7 -> 14
B15: 8 | C15: CR-VENUE – Chi tiết sân | D15: =COUNTIF(Venue!J10:J29, "Pass") -> 0 | E15: =COUNTIF(Venue!J10:J29, "Fail") -> 0 | F15: =COUNTIF(Venue!J10:J29, "Pending") -> 6 | G15: =Venue!D7 -> 6
C16: Sub total | D16: =SUM(D8:D15) -> 0 | E16: =SUM(E8:E15) -> 0 | F16: =SUM(F8:F15) -> 59 | G16: =SUM(G8:H15) -> 116
C18: Test coverage | E18: =(D16+E16)*100/G16 -> 0 | F18: %
C19: Test successful coverage | E19: =D16*100/G16 -> 0 | F19: %
A22: PYTEST-COV COVERAGE
B24: Note: | C24: pytest --cov=bookingapp --cov-report=term-missing
B29: Date | C29: Name | D29: Stmts | E29: Miss | F29: Cover | G29: Missing | H29: Related
B30: 22/4/2026 | C30: __init__.py | D30: 12 | E30: 0 | F30: 1 | G30: None | H30: None
C31: admin.py | D31: 92 | E31: 4 | F31: 0.96 | G31: 143-146 | H31: admin (143 - 146)
C32: dao.py | D32: 137 | E32: 29 | F32: 0.79 | G32: 11, 16, 196, 295 - 335 | H32: auth (11); booking (16); review (196); cancel (295 - 335)
C33: index.py | D33: 541 | E33: 123 | F33: 0.77 | G33: 116, 126, 139, 143, 149-174, 188-189, 193, 199-224, 230-239, 244-284, 380-382, 392, 477-488, 532, 586, 590-595, 649-657, 687-695, 749, 821, 880-881 | H33: auth (116 - 124, 230 - 284); booking (380 - 392); cancel (477 - 488); payment (649-657, 687-695); revenue_report (749, 821)
C34: models.py | D34: 167 | E34: 5 | F34: 0.97 | G34: 182, 191, 218-220 | H34: review (182, 191)
B35: 28/4/2026 | C35: __init__.py | D35: 12 | E35: 0 | F35: 1 | G35: None | H35: None
C36: admin.py | D36: 92 | E36: 4 | F36: 0.96 | G36: 143-146 | H36: admin (143 - 146)
C37: dao.py | D37: 137 | E37: 29 | F37: 0.79 | G37: 11, 16, 196, 295 - 335 | H37: auth (11); booking (16); review (196); cancel (295 - 335)
C38: index.py | D38: 541 | E38: 123 | F38: 0.83 | G38: 116, 126, 139, 143, 149-174, 188-189, 193, 199-224, 230-239, 246, 258, 271-272, 277, 380-382, 392, 477-488, 532, 586, 590-595, 649-657, 695, 750, 822, 881-882 | H38: auth (116, 126, 139, 143, 149 - 174, 188-189, 193, 199-224, 230-239, 246, 258, 271-272, 277, 532, 586, 590-595); booking (380 - 382, 392); cancel (477 - 488); payment (649-657, 695); revenue_report (750)
C39: models.py | D39: 167 | E39: 5 | F39: 0.97 | G39: 182, 191, 218-220 | H39: review (182, 191)
B40: 29/4/2026 | C40: __init__.py | D40: 12 | E40: 0 | F40: 1 | G40: None | H40: None
C41: admin.py | D41: 92 | E41: 0 | F41: 1 | G41: None | H41: None
C42: dao.py | D42: 137 | E42: 0 | F42: 1 | G42: None | H42: None
C43: index.py | D43: 541 | E43: 3 | F43: 0.99 | G43: 822, 881 - 882 | H43: revenue_report (822)
C44: models.py | D44: 167 | E44: 4 | F44: 0.98 | G44: 182, 218 - 220 | H44: review (182)
C45: Sub total | D45: =SUM(D28:D44) -> 2847 | E45: =SUM(E28:E44) -> 329
